teams,conf,adj_off,adj_def,adj_tempo,poss_off,poss_def,fg_off,fg_def,turnover_off,turnover_def,reb_off,reb_def,three_off,three_def,experience,height,wins_five,wins_last
Gonzaga,WCC,124.0,91.1,75.2,14.2,17.4,60.6,48.2,15.4,20.2,33.9,23.9,34.3,35.0,1.5,78.3,5,1
Baylor,B12,120.0,87.2,69.3,16.0,17.5,58.6,46.4,17.9,26.7,38.4,29.1,42.6,31.7,1.95,76.7,5,1
Iowa,B10,125.2,96.4,71.0,15.5,17.1,57.4,48.2,13.4,18.2,33.7,30.5,39.5,34.2,1.67,77.8,5,1
Michigan,B10,116.9,90.2,68.3,16.7,17.7,58.2,43.9,18.2,15.1,30.3,23.6,37.6,32.9,2.07,77.9,4,1
Villanova,BE,120.1,94.0,64.0,18.3,17.4,55.9,53.8,11.8,19.1,26.6,21.0,37.8,36.6,1.88,77.9,5,1
Houston,Amer,114.2,88.4,66.4,19.3,16.4,47.9,41.9,18.1,24.2,42.1,26.9,33.2,26.2,1.76,77.0,5,1
Virginia,ACC,115.3,90.4,59.2,19.7,19.2,58.6,47.6,13.3,16.4,23.9,22.1,38.5,33.1,1.86,77.8,5,1
Wisconsin,B10,113.7,89.0,64.4,18.4,17.9,51.7,45.3,12.5,17.9,23.4,23.4,39.0,32.6,2.34,78.1,4,1
Texas,B12,114.3,89.7,69.5,16.3,18.0,52.8,43.3,18.8,17.3,32.0,27.4,35.2,28.7,1.91,77.9,4,1
Illinois,B10,116.5,92.1,71.1,16.5,16.7,57.3,46.4,18.5,16.3,33.3,22.2,39.7,33.6,1.62,77.0,3,1
Alabama,SEC,114.8,90.7,74.5,14.3,17.4,52.2,45.5,17.9,21.0,32.2,30.1,35.9,29.8,1.9,77.9,5,1
Tennessee,SEC,110.3,87.5,66.0,17.3,17.7,50.4,45.7,15.5,25.1,32.9,26.0,33.2,30.4,1.62,77.6,3,0
Texas Tech,B12,111.6,88.8,66.9,17.8,17.6,49.1,45.4,16.7,26.1,35.1,28.9,32.6,32.1,1.41,76.9,3,0
Kansas,B12,113.6,91.2,68.1,16.4,17.6,50.4,48.7,18.6,18.9,34.9,26.5,35.8,33.9,1.44,78.2,2,0
Creighton,BE,115.2,93.1,70.3,15.8,17.7,57.1,46.0,15.6,18.0,24.2,28.8,36.7,33.3,2.21,77.0,3,0
Ohio St.,B10,117.8,96.2,66.3,18.2,17.4,51.9,47.9,15.2,16.1,31.9,26.8,34.6,33.2,1.97,77.5,3,0
Colorado,P12,114.4,92.8,67.7,16.9,18.4,51.6,47.3,15.8,20.4,32.3,24.8,34.9,32.3,2.3,77.3,4,0
West Virginia,B12,113.5,92.0,68.5,17.4,16.5,46.8,48.2,16.7,20.0,38.3,30.8,34.3,29.1,1.83,77.5,2,0
Florida St.,ACC,114.9,93.7,69.5,17.1,17.2,54.3,47.9,19.3,20.7,34.4,30.8,38.6,35.2,1.98,79.6,4,1
Oregon,P12,113.1,92.5,69.5,16.3,17.1,53.6,47.6,17.6,21.5,29.3,23.2,35.5,29.3,2.32,77.5,4,1
USC,P12,111.3,91.3,68.5,17.1,17.8,52.4,43.4,18.0,17.5,35.1,27.5,33.2,32.2,1.75,79.6,4,0
Minnesota,B10,112.5,92.7,71.4,16.1,16.7,47.4,47.1,14.8,18.7,29.1,31.5,29.9,32.1,1.89,78.0,2,1
Florida,SEC,112.0,92.5,71.0,16.0,17.3,52.6,46.7,19.6,21.9,31.5,30.9,37.0,34.8,1.5,77.3,2,1
Loyola Chicago,MVC,110.8,91.3,65.3,17.9,18.0,57.6,46.9,17.3,21.9,25.3,21.3,37.0,33.8,2.19,76.2,4,1
Purdue,B10,111.4,92.2,66.9,18.4,17.2,52.5,48.8,19.5,16.6,31.5,23.3,35.1,31.5,1.08,78.4,4,1
Oklahoma,B12,112.7,93.6,68.8,16.7,17.7,51.4,48.5,14.6,20.5,29.6,28.2,34.4,36.8,2.11,77.1,3,1
UCLA,P12,116.4,97.3,64.8,18.5,17.6,52.7,49.5,16.1,18.1,33.9,24.9,38.6,31.0,1.55,77.5,5,1
Connecticut,BE,110.8,92.2,64.5,18.9,17.2,49.1,46.5,19.2,22.5,39.2,31.1,35.7,30.4,1.97,77.9,4,0
Duke,ACC,112.5,94.0,69.0,16.2,17.0,51.1,52.6,19.0,20.5,33.4,24.1,33.3,37.3,0.86,76.9,3,0
Arizona,P12,113.7,95.4,69.7,16.3,17.9,51.1,47.1,16.4,19.4,37.1,23.6,36.3,31.2,1.34,78.6,3,1
LSU,SEC,117.7,99.6,70.7,16.0,16.5,54.8,49.3,18.2,21.0,34.0,31.2,35.2,30.5,1.07,77.5,4,0
Saint Louis,A10,111.2,93.2,68.5,16.1,17.3,56.8,47.2,17.9,24.0,38.1,22.9,41.0,32.9,1.84,76.2,4,1
Indiana,B10,110.1,92.2,66.7,17.7,17.4,51.3,48.2,17.1,18.5,23.3,25.1,32.4,34.0,1.38,77.2,3,0
Oklahoma St.,B12,110.4,92.5,71.2,15.8,17.6,51.5,47.0,19.2,19.7,31.6,30.0,32.5,32.6,1.12,77.6,3,1
Virginia Tech,ACC,111.1,93.5,66.8,17.7,18.0,53.2,48.1,18.0,18.6,30.5,24.7,34.9,32.9,1.64,76.3,4,1
North Carolina,ACC,109.2,91.9,71.2,15.8,17.6,46.4,49.7,21.0,19.8,40.9,24.9,30.7,35.8,1.09,78.8,4,1
Missouri,SEC,109.2,92.0,69.1,16.7,17.3,51.0,44.0,20.5,17.4,30.1,30.3,27.9,27.4,2.5,77.6,3,1
Louisville,ACC,111.4,94.4,66.2,17.4,18.6,52.0,47.5,18.5,17.7,30.1,26.5,32.3,32.3,0.99,77.5,3,0
Rutgers,B10,109.7,93.0,69.0,16.8,17.4,51.3,48.6,14.9,18.1,29.5,27.5,34.8,31.8,1.92,77.9,1,0
Seton Hall,BE,112.8,96.2,67.9,17.1,17.7,52.7,50.1,19.2,18.2,27.8,28.5,33.5,36.7,2.36,79.2,3,0
Michigan St.,B10,110.9,94.4,70.5,16.1,17.3,51.2,47.7,19.0,16.2,30.7,24.3,34.7,32.9,1.7,77.9,2,0
San Diego St.,MWC,108.1,91.7,65.0,17.2,18.6,50.6,47.9,18.8,22.8,26.5,26.5,36.2,33.9,2.49,76.7,3,0
Utah St.,MWC,105.9,89.6,69.8,16.8,17.2,51.2,44.5,20.1,21.6,35.5,19.8,35.4,32.1,1.45,78.2,5,1
Syracuse,ACC,112.0,95.7,69.6,15.4,17.2,51.5,46.2,16.4,21.3,29.4,31.7,32.2,28.7,1.51,77.9,2,1
Arkansas,SEC,109.9,93.7,73.8,15.4,15.9,51.0,47.2,17.1,19.9,33.9,24.6,33.9,31.6,1.56,77.9,2,1
Clemson,ACC,107.5,91.5,66.2,17.5,18.5,50.2,49.8,19.7,24.6,28.2,27.2,33.9,36.0,1.76,76.9,3,0
Stanford,P12,106.6,90.9,71.4,16.2,16.8,50.1,45.8,21.7,20.5,29.1,29.2,31.1,33.0,1.33,78.8,3,0
Penn St.,B10,111.9,96.6,69.1,16.4,17.7,49.2,52.5,15.9,20.4,33.9,29.6,35.8,29.3,2.15,76.1,0,0
Richmond,A10,112.8,97.5,70.0,16.5,17.6,54.9,52.5,15.2,21.7,21.0,29.4,34.8,31.5,2.52,76.2,3,1
Xavier,BE,111.0,95.8,68.9,16.2,17.4,54.2,46.0,16.9,17.3,27.8,26.9,35.4,33.3,1.94,77.2,3,1
Mississippi,SEC,106.1,91.2,66.9,17.3,16.9,49.3,47.4,19.5,24.7,33.7,25.8,29.6,36.1,1.98,77.2,2,1
Maryland,B10,112.6,97.8,66.7,17.6,18.6,53.4,51.5,16.2,16.1,23.9,25.8,35.6,36.9,1.83,78.4,2,0
BYU,WCC,109.5,94.7,68.9,16.9,16.5,52.3,46.5,20.3,17.5,29.6,25.1,32.8,32.9,2.03,78.0,4,1
Boise St.,MWC,110.6,95.8,69.6,16.0,17.8,53.8,44.9,15.1,20.8,32.0,20.2,34.5,28.9,2.04,78.2,5,1
St. Bonaventure,A10,108.9,94.1,66.6,17.5,18.0,47.6,45.6,17.2,21.8,34.3,28.3,30.7,28.5,1.93,77.2,5,1
SMU,Amer,110.9,96.4,70.4,15.5,17.3,53.1,45.7,18.3,20.1,31.0,27.4,35.9,33.2,2.11,77.4,3,1
Marquette,BE,111.5,97.1,67.4,18.0,17.0,51.9,47.1,20.4,15.7,33.6,28.7,36.6,35.5,1.71,78.1,3,1
Kentucky,SEC,105.7,91.7,66.8,17.2,17.7,45.9,46.2,22.0,18.1,35.7,32.1,28.4,31.3,0.93,79.0,2,0
Providence,BE,111.5,97.5,66.4,18.0,17.4,50.4,50.4,16.7,17.6,31.2,29.9,32.5,32.1,1.88,78.0,2,1
Drake,MVC,110.9,97.3,67.0,17.0,18.0,59.6,45.2,18.0,21.7,36.4,22.6,43.5,29.7,1.99,76.2,5,1
Georgia Tech,ACC,110.9,97.4,66.3,17.8,16.4,55.1,52.3,16.4,22.6,25.8,27.7,36.9,37.5,2.55,76.1,5,1
Pittsburgh,ACC,106.2,92.8,70.9,16.5,16.5,48.8,44.3,19.0,18.9,35.6,26.9,31.2,26.1,1.17,77.7,4,1
N.C. State,ACC,109.7,96.7,69.3,16.5,17.6,53.4,51.8,17.6,24.7,29.4,31.1,36.6,35.5,1.72,77.0,2,0
Davidson,A10,113.1,100.3,64.1,19.1,18.2,55.8,49.9,17.6,15.3,30.1,18.7,36.2,32.2,1.76,78.4,4,1
Rhode Island,A10,106.8,94.0,70.3,16.6,16.7,50.9,46.6,20.7,18.0,29.0,26.6,32.7,32.1,1.94,76.4,2,0
South Carolina,SEC,107.1,94.8,73.3,16.0,17.3,48.3,50.9,21.5,22.7,36.2,26.1,30.4,31.6,1.63,77.5,2,0
Auburn,SEC,108.6,96.4,71.0,16.4,16.3,52.8,48.7,23.3,20.6,34.2,30.4,32.6,29.9,0.77,78.7,2,0
VCU,A10,104.2,92.1,71.5,15.5,17.1,52.4,45.7,21.3,25.5,28.1,31.8,34.6,31.4,1.28,77.2,3,0
Toledo,MAC,114.0,102.0,67.9,17.4,17.2,53.3,48.3,16.4,18.7,32.9,31.1,39.3,28.6,1.73,76.7,4,1
Wichita St.,Amer,109.3,97.6,68.7,17.3,17.4,46.7,46.2,15.5,17.0,30.6,34.4,32.7,29.6,1.86,76.5,4,1
Memphis,Amer,102.6,90.8,71.8,15.8,17.1,46.9,45.4,21.1,22.7,34.0,22.3,30.2,29.9,1.1,77.7,2,0
Northwestern,B10,108.2,96.5,69.6,15.7,18.1,51.8,50.8,14.3,15.7,19.0,25.0,35.8,34.2,1.51,77.8,0,0
Arizona St.,P12,109.3,97.7,73.8,15.7,17.0,49.8,51.8,14.1,22.3,19.8,30.5,31.5,34.7,1.8,76.7,1,0
Dayton,A10,108.8,97.5,65.1,18.9,18.2,57.7,48.1,22.4,19.3,23.1,29.8,38.1,32.0,2.04,77.8,4,1
Utah,P12,107.4,96.4,67.2,17.7,17.6,49.1,48.5,16.6,21.3,25.7,30.4,30.3,32.8,1.39,77.3,1,0
Mississippi St.,SEC,108.8,98.6,65.4,18.4,17.8,50.8,48.0,19.8,17.9,37.5,25.3,37.2,35.2,1.3,78.9,3,0
Cincinnati,Amer,105.5,95.6,71.5,16.4,16.8,48.1,50.1,20.8,18.7,28.6,24.4,28.2,30.8,1.65,77.5,1,0
San Francisco,WCC,106.6,96.7,68.9,17.5,16.3,53.0,46.0,18.1,19.5,25.3,25.5,36.3,27.4,2.06,77.8,2,0
Saint Mary's,WCC,104.5,94.9,62.8,20.3,16.1,49.4,46.7,16.8,16.8,29.5,19.4,32.8,34.6,1.52,77.6,1,0
Furman,SC,110.7,101.1,68.9,15.9,16.9,58.1,51.9,18.2,22.2,28.6,31.1,36.5,34.5,1.93,76.5,4,0
St. John's,BE,108.5,98.9,74.2,14.4,17.3,50.3,54.6,17.6,23.0,28.9,29.0,34.8,37.4,1.49,77.0,2,1
Colorado St.,MWC,106.7,97.2,70.7,16.2,17.7,55.4,47.1,19.2,20.0,19.5,25.7,38.7,30.1,1.18,75.8,4,0
Wright St.,Horz,104.7,95.3,72.0,16.1,16.8,53.7,42.1,20.0,17.2,34.7,26.7,34.2,28.3,1.33,77.4,2,1
Marshall,CUSA,106.7,97.3,72.7,14.5,17.5,52.4,48.3,17.7,21.0,25.6,28.6,32.8,36.7,1.96,77.2,2,0
Notre Dame,ACC,112.8,103.5,67.1,18.1,18.2,53.2,52.4,15.7,12.6,20.6,28.8,37.4,38.0,2.16,78.7,1,1
Tulsa,Amer,102.6,93.4,65.5,17.6,18.0,48.8,45.7,20.6,22.6,26.9,35.7,28.0,32.3,2.25,77.2,3,0
Butler,BE,104.5,95.3,65.5,19.6,17.0,49.1,52.3,17.8,17.8,24.8,21.5,34.7,35.5,1.58,76.5,3,1
Western Kentucky,CUSA,107.4,98.5,68.9,17.5,16.0,49.4,50.9,20.1,19.1,32.5,22.3,32.6,37.3,2.15,76.3,3,1
Miami FL,ACC,104.4,95.7,68.7,17.8,16.4,47.9,49.4,20.4,18.5,29.3,24.9,26.9,36.1,1.45,78.4,2,0
Georgia,SEC,106.0,97.8,74.4,15.2,16.6,50.7,50.6,21.9,22.8,35.0,31.1,32.1,31.1,1.93,76.0,2,1
North Texas,CUSA,103.7,95.8,64.8,17.6,17.6,55.4,44.6,20.0,20.9,25.5,26.6,39.4,30.6,2.33,77.0,3,1
UAB,CUSA,104.5,96.7,68.7,17.1,17.9,50.0,42.7,15.2,24.8,29.8,26.6,29.6,26.5,2.25,76.9,3,0
Boston College,ACC,107.5,99.8,71.2,16.6,16.7,51.6,54.3,19.5,18.8,25.5,28.2,34.5,34.2,1.81,76.7,1,0
UCF,Amer,103.6,96.0,66.8,17.5,18.0,46.5,48.8,21.1,20.5,28.0,33.4,33.3,32.3,1.46,77.7,1,0
Iowa St.,B12,106.5,99.0,69.3,16.8,17.1,52.9,49.5,22.5,19.2,23.8,33.3,33.0,28.3,1.93,76.6,1,0
South Dakota St.,Sum,111.0,103.6,70.5,16.2,17.3,54.9,48.7,16.5,14.8,21.7,24.0,40.4,31.6,1.52,77.2,4,1
TCU,B12,105.7,98.4,67.3,18.3,17.0,51.7,49.2,20.7,16.9,28.4,28.5,34.5,30.7,1.12,77.7,2,0
Belmont,OVC,108.4,101.4,72.1,16.3,16.4,56.7,49.2,17.3,21.0,25.4,25.6,34.4,34.0,1.35,76.9,5,1
South Florida,Amer,102.0,95.0,67.4,17.8,17.1,46.8,48.3,21.9,19.5,35.0,24.8,34.2,28.3,1.9,78.3,2,1
Liberty,ASun,106.8,99.9,64.2,19.0,17.7,56.6,47.1,15.6,17.7,21.7,24.0,37.3,31.6,1.75,75.8,4,1
Yale,Ivy,107.6,100.8,68.7,0.0,0.0,0.0,100.0,100.0,0.0,0.0,100.0,0.0,100.0,0.0,0.0,0,0
Vermont,AE,104.5,97.8,67.8,17.6,17.8,53.9,45.4,19.4,20.7,28.9,21.9,34.2,29.4,2.4,76.3,5,1
Massachusetts,A10,107.2,100.5,73.1,16.2,15.8,49.3,52.0,15.9,21.5,25.6,24.1,32.6,37.0,1.01,76.8,3,1
DePaul,BE,103.0,96.4,72.5,15.4,17.9,49.7,48.7,23.2,21.8,31.7,30.7,34.1,29.7,1.86,76.8,1,0
Winthrop,BSth,105.3,98.8,76.1,14.2,17.6,54.8,49.5,20.0,22.6,33.3,21.0,35.9,32.2,1.98,76.7,5,1
Colgate,Pat,108.7,102.4,71.9,15.2,17.2,60.1,44.1,13.0,17.3,25.6,24.7,42.9,23.9,1.82,76.5,4,1
Georgia St.,SB,106.1,99.8,70.7,15.1,17.8,51.3,47.2,16.3,20.9,28.5,35.3,33.9,33.2,1.61,76.3,4,1
Louisiana Tech,CUSA,102.3,96.0,69.4,16.5,16.4,50.2,45.3,17.9,18.6,26.4,24.6,34.0,29.9,2.13,76.1,3,1
Nevada,MWC,105.1,99.0,70.4,17.0,17.4,50.5,46.7,19.7,18.3,25.9,24.1,34.8,32.6,1.03,78.3,3,1
Georgetown,BE,104.5,98.5,70.0,16.2,16.7,49.0,47.5,21.7,13.7,30.3,25.7,35.4,33.0,2.2,78.0,0,0
Texas A&M,SEC,101.5,95.7,65.0,17.8,18.2,48.7,52.3,24.6,24.6,32.6,30.7,29.8,34.0,1.59,77.4,2,0
Buffalo,MAC,106.1,100.3,75.0,14.2,17.2,49.5,45.4,17.7,16.8,35.7,29.1,33.3,26.7,2.32,76.9,2,0
Duquesne,A10,102.2,96.6,67.9,17.3,18.1,46.8,46.6,20.2,19.4,29.8,31.4,29.8,27.4,1.84,76.2,2,1
Kent St.,MAC,106.7,101.3,71.9,17.2,16.4,54.1,47.5,19.9,17.7,36.3,28.5,35.3,33.3,2.26,77.2,4,1
UC Santa Barbara,BW,104.6,99.2,66.7,17.1,17.9,50.6,47.5,15.7,23.2,27.2,25.6,33.3,32.7,2.33,77.4,4,1
Pacific,WCC,102.3,97.0,66.1,19.9,16.8,45.0,47.2,14.8,19.2,31.5,19.7,31.3,29.2,2.27,76.8,4,1
Bradley,MVC,103.0,97.7,66.8,16.7,18.9,50.1,47.3,19.2,18.0,30.7,26.9,32.7,37.9,1.62,77.4,3,0
New Mexico St.,WAC,103.1,98.0,67.8,17.7,14.3,37.3,37.9,18.4,13.2,20.0,25.0,26.9,22.2,2.22,76.6,2,0
UNC Greensboro,SC,101.9,97.1,69.1,16.6,16.5,47.0,46.4,18.0,21.6,35.2,26.8,28.0,30.4,1.74,77.3,4,1
Missouri St.,MVC,106.3,101.6,70.5,16.7,16.6,58.8,46.6,18.2,15.1,21.9,23.0,35.6,34.1,1.61,77.5,5,1
Wake Forest,ACC,104.4,99.8,69.6,18.4,16.2,51.7,53.1,21.2,21.8,27.5,25.2,33.7,32.3,1.79,77.4,0,0
UC Irvine,BW,102.3,97.8,68.6,18.1,16.4,48.6,48.1,21.9,17.0,32.0,25.4,34.4,31.4,0.94,77.4,4,1
Wofford,SC,106.3,101.8,66.2,18.2,17.2,54.9,50.1,21.1,18.9,31.1,30.9,37.1,32.0,1.54,75.8,4,1
Nebraska,B10,103.5,99.2,72.5,14.7,17.8,47.2,51.0,17.8,19.5,26.4,29.1,31.5,33.2,2.0,78.2,0,0
Bowling Green,MAC,105.5,101.2,70.2,16.3,16.5,48.6,49.7,15.1,20.0,29.3,29.4,33.9,33.1,1.8,76.2,3,0
Abilene Christian,Slnd,98.2,93.9,68.2,17.5,16.3,49.2,43.3,20.5,28.9,28.4,30.7,34.7,24.6,2.24,74.9,4,0
Loyola Marymount,WCC,101.4,97.2,68.4,17.3,17.0,49.0,47.5,23.4,19.4,30.6,23.1,29.9,35.5,1.76,78.1,4,1
UNLV,MWC,105.3,101.3,67.9,17.5,17.0,51.1,52.4,19.3,19.6,26.4,26.1,33.9,37.8,1.59,77.3,3,1
Washington St.,P12,99.0,95.3,68.9,17.3,16.6,48.0,42.6,20.8,17.3,28.6,27.9,33.4,27.8,1.14,78.6,1,0
Akron,MAC,104.6,101.1,69.0,17.4,17.6,52.3,47.6,20.8,14.1,30.8,27.3,32.5,29.9,1.95,75.7,3,1
Ohio,MAC,108.9,105.3,69.1,17.0,17.0,56.0,53.5,16.8,20.6,26.6,28.7,38.2,35.3,1.47,76.9,3,0
East Carolina,Amer,100.6,97.3,68.0,17.5,17.4,47.9,45.6,19.8,20.9,27.0,25.9,34.5,28.8,1.99,77.8,2,0
Santa Clara,WCC,98.0,94.9,71.2,15.3,18.1,43.8,43.0,17.6,16.8,24.6,22.3,26.9,30.3,1.97,79.1,2,1
Eastern Washington,BSky,104.2,101.1,72.3,15.4,17.4,50.5,48.4,16.6,15.6,19.0,27.0,34.2,31.6,1.79,77.3,3,0
UC Riverside,BW,100.9,97.9,65.3,19.5,16.7,55.0,42.7,18.8,15.8,29.5,23.1,39.3,27.9,2.0,78.7,3,1
Washington,P12,103.8,101.0,70.6,16.6,17.7,46.7,49.3,19.1,16.4,25.5,38.4,30.9,33.0,1.93,78.0,1,1
Siena,MAAC,104.5,101.7,67.7,19.3,15.9,55.8,46.9,17.7,15.0,28.1,25.8,38.7,33.0,1.79,76.5,5,1
Temple,Amer,100.8,98.2,68.7,17.4,17.3,44.9,46.6,19.8,15.6,28.4,27.7,34.1,35.3,1.65,77.5,2,1
Vanderbilt,SEC,105.0,102.4,69.7,17.7,16.8,50.7,51.4,19.3,17.7,31.1,25.1,34.2,32.5,1.31,77.1,1,0
Murray St.,OVC,101.8,99.2,67.4,16.5,18.0,53.8,47.9,24.4,21.0,29.9,29.5,32.8,28.7,1.65,76.7,1,1
Cal St. Bakersfield,BW,101.2,98.9,64.2,19.6,16.2,45.3,48.1,20.1,21.5,41.5,25.8,30.9,31.5,2.71,77.0,5,1
Oregon St.,P12,105.6,103.4,64.4,18.6,17.1,46.6,50.7,15.9,17.7,29.6,29.2,34.6,31.7,2.01,78.3,3,1
Grand Canyon,WAC,103.3,101.2,65.0,18.0,17.1,54.6,47.4,21.7,15.8,32.4,19.5,30.0,34.9,2.11,77.5,4,1
Pepperdine,WCC,104.6,102.5,70.5,15.6,17.8,50.1,50.8,18.6,17.9,21.0,31.0,30.0,29.9,1.9,76.8,2,1
Indiana St.,MVC,102.0,100.1,69.4,17.0,17.1,47.6,52.9,20.1,22.3,24.2,29.0,34.1,33.3,1.86,76.6,3,1
California,P12,103.9,102.0,66.0,18.4,17.1,52.4,53.7,19.9,18.7,21.7,24.8,33.9,40.4,2.0,77.4,2,1
Ball St.,MAC,103.2,101.3,70.4,16.9,16.9,50.8,48.4,18.7,19.1,26.6,30.8,33.8,31.0,1.97,76.9,2,0
Princeton,Ivy,104.5,102.7,67.4,0.0,0.0,0.0,100.0,100.0,0.0,0.0,100.0,0.0,100.0,0.0,0.0,0,0
Northeastern,CAA,100.4,98.7,67.6,18.3,16.5,51.9,47.8,19.7,17.0,18.9,25.1,36.2,28.4,1.12,77.6,5,1
Texas St.,SB,101.0,99.4,63.7,19.1,17.4,53.1,49.8,21.7,24.3,27.0,30.7,39.9,33.3,2.35,75.7,4,1
Mercer,SC,105.5,104.1,71.5,16.5,16.3,54.8,49.1,18.3,16.3,29.6,26.4,34.4,32.2,1.96,77.4,2,1
George Mason,A10,100.2,98.8,67.6,17.4,17.4,48.2,49.8,19.4,19.7,30.9,24.7,30.8,35.7,1.64,76.0,2,1
Old Dominion,CUSA,101.0,99.5,67.7,17.6,17.4,47.5,52.1,19.0,20.5,28.6,26.6,30.2,36.1,2.33,76.8,4,1
East Tennessee St.,SC,99.6,98.2,67.4,17.4,16.9,49.0,47.7,22.8,21.3,30.1,27.4,31.9,33.7,1.89,77.0,4,1
Northern Iowa,MVC,104.9,103.5,70.8,17.1,17.4,49.9,54.3,19.4,14.9,24.3,21.3,34.2,36.1,1.41,76.6,1,0
Coastal Carolina,SB,104.2,103.0,70.7,17.2,16.0,51.8,48.9,22.2,18.4,37.8,26.6,37.7,34.6,1.61,76.5,3,0
North Dakota St.,Sum,101.7,101.2,65.1,19.4,16.1,49.2,48.5,19.6,13.3,27.3,19.7,33.7,31.1,1.44,78.1,4,0
Harvard,Ivy,102.4,101.9,68.9,0.0,0.0,0.0,100.0,100.0,0.0,0.0,100.0,0.0,100.0,0.0,0.0,0,0
Stephen F. Austin,Slnd,101.1,100.8,70.6,16.5,15.9,56.7,55.7,25.3,27.5,34.4,25.4,31.2,39.3,2.41,76.8,5,1
Little Rock,SB,105.5,105.2,67.5,17.2,16.9,54.3,52.1,22.8,20.6,31.2,29.8,35.1,34.4,1.93,77.9,2,0
Drexel,CAA,102.6,102.6,65.3,19.0,16.3,50.5,50.0,18.2,19.7,29.1,19.2,31.5,29.7,1.79,77.3,2,0
Kansas St.,B12,102.2,102.4,65.1,18.4,17.9,49.2,55.0,21.6,19.3,31.9,28.3,31.5,36.6,1.08,76.8,0,0
Charlotte,CUSA,99.9,100.2,62.7,18.9,18.2,51.9,48.8,20.5,20.3,22.3,23.7,34.4,29.9,1.77,77.6,2,1
Monmouth,MAAC,101.6,102.0,76.4,14.5,17.1,50.9,47.1,18.0,21.0,26.4,27.4,40.0,30.7,2.01,75.9,4,1
Oral Roberts,Sum,108.1,108.6,71.3,16.2,16.2,52.0,49.9,16.8,16.9,27.7,33.7,37.9,33.8,1.58,76.7,4,1
Louisiana,SB,98.1,98.7,72.2,15.8,17.0,48.6,48.3,21.5,19.0,30.0,25.6,32.1,32.8,1.75,77.7,2,1
Navy,Pat,102.8,103.6,65.5,18.4,17.1,50.5,53.9,16.8,21.8,30.9,24.8,33.7,34.1,1.67,75.9,5,1
Eastern Kentucky,OVC,98.2,99.2,76.1,15.3,15.7,47.7,48.3,17.1,26.0,29.2,29.6,30.4,29.9,1.32,75.9,5,1
Montana,BSky,97.0,98.0,65.0,18.6,17.4,46.7,46.9,20.6,19.0,22.2,32.0,36.8,31.3,1.05,77.2,3,0
UTEP,CUSA,101.5,102.6,67.5,17.3,18.5,47.0,53.0,15.1,19.7,26.3,26.4,33.2,36.2,1.93,77.8,2,0
Saint Peter's,MAAC,97.0,98.2,67.4,17.3,16.5,48.0,46.3,21.2,22.2,29.4,32.2,34.1,36.0,1.27,76.1,2,0
Hofstra,CAA,101.7,103.1,69.2,16.6,17.5,48.1,50.4,18.4,18.0,26.3,26.8,27.9,32.8,1.73,76.8,2,1
Cleveland St.,Horz,97.8,99.2,66.6,17.7,17.2,47.5,47.5,21.2,22.1,32.0,34.9,30.2,29.8,1.9,77.1,4,0
South Dakota,Sum,102.5,104.1,68.6,17.6,17.2,50.0,48.4,16.4,17.7,21.8,24.8,38.0,31.9,1.7,76.5,5,1
Bryant,NEC,103.0,104.6,76.7,14.4,16.0,54.4,45.8,20.6,17.4,27.9,30.9,39.1,28.6,1.62,75.8,4,1
UMBC,AE,97.9,99.9,69.0,16.0,18.0,49.6,45.2,19.0,19.3,25.3,25.6,31.1,33.0,2.45,75.7,3,1
Southern Utah,BSky,104.9,107.1,70.7,17.1,16.3,51.4,54.2,16.3,17.3,30.5,19.9,33.2,37.8,2.44,76.8,4,1
La Salle,A10,98.7,101.1,68.9,16.6,17.6,50.3,50.4,20.9,20.2,23.5,29.6,35.3,29.3,1.38,76.6,2,1
Fresno St.,MWC,99.6,102.0,66.3,17.9,16.8,48.4,51.9,21.5,18.7,31.9,23.4,29.1,35.3,1.3,77.2,2,0
Chattanooga,SC,101.9,104.3,67.9,17.6,16.3,50.9,53.2,16.4,19.5,21.6,24.1,36.4,34.1,1.88,77.2,3,1
Austin Peay,OVC,103.8,106.4,68.7,17.4,16.1,47.0,54.5,23.1,22.0,37.0,28.4,28.3,35.0,1.66,75.0,3,1
Sam Houston St.,Slnd,100.3,103.1,72.0,16.1,15.9,49.2,50.0,22.0,21.6,30.0,33.7,37.0,29.7,1.85,75.2,5,1
Gardner Webb,BSth,102.4,105.2,68.3,16.5,16.9,50.8,50.5,17.7,17.8,25.1,26.7,35.4,34.9,1.17,75.9,2,1
Saint Joseph's,A10,102.9,105.7,73.9,16.0,16.6,49.5,54.1,20.5,18.8,22.1,34.3,30.2,37.9,1.18,78.0,1,0
San Diego,WCC,97.8,100.6,70.1,16.5,16.9,44.0,50.8,17.2,18.0,19.7,25.5,31.3,41.1,2.13,77.6,1,0
UC Davis,BW,100.5,103.4,70.7,14.5,16.8,51.5,50.0,19.7,22.3,15.5,31.3,28.6,33.3,1.58,75.5,2,1
Florida Atlantic,CUSA,100.7,103.6,66.9,16.9,18.1,50.8,53.9,19.5,19.1,33.8,24.0,33.8,39.8,1.65,77.0,2,1
Army,Pat,98.1,101.1,68.2,17.0,16.4,53.8,52.3,19.1,20.8,23.3,22.8,34.0,34.3,1.97,75.2,4,1
UT Arlington,SB,101.6,104.6,71.4,15.8,16.6,46.6,53.5,15.6,19.9,24.0,29.5,34.8,39.6,1.67,76.7,3,0
UNC Wilmington,CAA,101.8,104.9,69.8,16.3,17.5,48.3,49.6,18.0,19.6,27.9,31.8,35.2,30.6,1.84,76.7,3,0
Lafayette,Pat,104.2,107.4,69.0,17.3,16.7,53.9,51.7,15.3,18.3,27.6,26.2,41.2,33.0,1.95,77.6,5,1
Southern Illinois,MVC,101.6,104.8,68.5,17.3,18.1,53.3,54.0,17.7,20.3,16.0,27.1,39.8,40.0,0.98,76.3,2,0
Montana St.,BSky,99.0,102.4,68.6,16.9,17.4,48.9,46.0,17.4,19.6,19.6,30.1,32.1,32.0,1.94,76.6,5,1
Penn,Ivy,100.7,104.1,70.0,0.0,0.0,0.0,100.0,100.0,0.0,0.0,100.0,0.0,100.0,0.0,0.0,0,0
Cornell,Ivy,101.9,105.3,67.6,0.0,0.0,0.0,100.0,100.0,0.0,0.0,100.0,0.0,100.0,0.0,0.0,0,0
Rice,CUSA,101.2,104.6,69.8,16.9,16.4,53.8,50.0,18.8,19.3,28.7,27.9,36.2,34.3,1.53,76.9,3,0
Miami OH,MAC,101.0,104.5,65.8,18.4,16.9,47.7,52.3,15.9,20.7,25.3,29.8,36.4,34.6,1.96,75.2,2,1
Wyoming,MWC,105.2,108.8,69.7,16.7,17.5,54.3,52.2,15.0,18.4,23.7,29.0,37.9,32.6,1.08,78.0,1,1
Tulane,Amer,96.2,99.8,66.7,17.2,18.4,44.1,47.1,16.7,23.6,22.0,29.2,30.5,34.9,1.04,76.4,2,0
Purdue Fort Wayne,Horz,102.6,106.4,73.2,16.3,16.6,60.4,51.5,26.1,19.8,29.1,28.7,43.9,30.4,2.07,77.6,4,1
Nicholls St.,Slnd,99.8,103.7,71.5,16.3,16.2,50.3,49.9,18.0,21.4,28.2,28.8,31.0,33.6,2.49,76.0,5,1
UTSA,CUSA,104.3,108.2,72.2,15.8,17.0,46.9,55.8,16.8,18.0,25.2,25.8,29.2,39.4,1.93,76.8,1,0
Appalachian St.,SB,101.4,105.4,66.3,18.2,17.9,50.3,53.1,19.3,20.0,25.6,28.7,34.3,35.3,1.77,76.5,4,1
Western Carolina,SC,101.2,105.5,71.4,16.2,16.9,51.5,51.2,20.9,17.7,24.7,27.4,31.9,32.9,1.71,76.0,1,0
FIU,CUSA,102.4,106.9,71.6,15.8,17.4,53.4,52.2,20.6,23.1,27.4,35.6,35.7,36.2,1.93,74.8,1,0
George Washington,A10,102.4,107.0,70.2,17.0,17.0,51.3,51.4,20.8,18.0,27.6,28.4,33.5,34.0,1.41,78.2,2,0
Morehead St.,OVC,95.9,100.7,65.0,18.5,16.6,48.5,48.8,25.3,18.7,30.0,26.4,29.1,31.0,1.68,77.4,5,1
Detroit,Horz,102.3,107.2,68.2,17.4,16.7,50.3,53.9,18.0,18.8,26.6,30.4,35.9,37.4,2.49,77.6,2,1
UT Rio Grande Valley,WAC,95.3,100.2,71.1,15.6,16.6,42.7,46.4,18.7,26.5,31.0,32.5,26.7,26.9,2.12,76.0,4,1
Lipscomb,ASun,103.0,107.9,65.9,17.7,18.3,51.8,52.9,17.3,17.8,20.8,29.7,37.3,34.2,1.87,76.4,3,0
Northern Colorado,BSky,98.0,103.0,68.2,18.3,17.6,49.6,48.1,20.9,17.4,21.9,24.6,36.7,28.8,1.81,76.6,2,1
Valparaiso,MVC,97.1,102.1,68.6,16.9,17.3,45.1,51.6,18.7,19.0,19.0,27.7,26.6,33.6,1.43,76.8,0,0
Iona,MAAC,99.5,104.5,67.0,17.7,17.3,50.4,48.4,20.8,20.6,32.9,26.1,33.3,32.2,1.71,76.2,4,1
South Alabama,SB,104.2,109.2,67.1,17.0,18.5,54.6,54.8,19.9,21.1,26.5,32.7,39.3,37.0,2.02,76.0,1,0
Radford,BSth,98.3,103.4,64.7,19.6,17.3,50.7,48.8,23.9,18.2,34.6,22.8,29.6,35.9,1.19,75.5,5,1
Sacramento St.,BSky,97.2,102.2,64.8,19.1,19.3,48.2,48.8,16.0,23.8,25.9,26.5,40.5,27.4,2.39,77.0,3,1
Charleston,CAA,101.3,106.6,64.3,18.9,17.6,50.4,53.5,16.8,18.1,24.0,24.1,36.9,37.4,1.97,76.9,3,0
Jacksonville St.,OVC,98.2,103.4,66.2,18.1,16.2,49.9,46.4,21.1,15.5,30.2,27.8,33.1,29.1,2.11,77.1,2,0
Illinois Chicago,Horz,95.9,101.1,68.7,17.3,16.5,50.0,44.8,17.8,14.8,22.7,26.6,34.4,25.4,2.31,77.8,3,1
Hawaii,BW,99.5,104.8,72.0,16.7,17.9,51.4,51.9,18.6,18.6,24.5,31.2,33.3,35.9,1.75,77.0,2,0
VMI,SC,105.0,110.3,70.4,16.4,17.0,54.0,52.5,18.0,14.8,23.2,28.5,38.9,36.7,1.57,76.4,3,1
Eastern Michigan,MAC,98.6,104.0,67.6,17.4,16.8,45.9,60.5,18.4,19.3,29.5,31.8,26.0,39.8,2.27,76.3,2,0
Hartford,AE,96.8,102.2,67.3,18.3,17.5,50.2,48.7,19.2,20.9,24.2,28.2,34.5,30.0,1.9,76.0,3,0
Weber St.,BSky,98.7,104.2,70.8,15.2,17.0,53.9,48.6,19.7,18.6,22.3,28.1,36.0,34.1,2.05,77.5,3,1
Milwaukee,Horz,97.8,103.3,70.0,16.2,17.3,51.2,52.9,16.4,20.9,21.1,21.9,33.2,38.8,1.75,76.8,2,0
New Hampshire,AE,97.7,103.3,67.2,18.8,16.4,45.2,49.5,17.2,18.4,28.5,19.2,31.8,34.3,1.58,77.1,3,1
Stetson,ASun,99.2,104.8,68.8,18.3,15.8,46.7,50.8,22.3,18.2,25.4,28.2,35.1,33.1,0.82,77.2,3,0
Elon,CAA,98.8,104.6,67.5,16.8,18.7,47.1,52.0,20.1,16.5,20.6,18.8,32.1,32.7,1.7,75.7,2,0
Brown,Ivy,95.7,101.6,70.5,0.0,0.0,0.0,100.0,100.0,0.0,0.0,100.0,0.0,100.0,0.0,0.0,0,0
James Madison,CAA,101.1,107.2,71.5,15.7,17.3,50.6,49.1,18.8,21.3,27.5,32.7,32.4,30.4,1.34,76.4,3,1
Towson,CAA,100.7,106.9,67.8,18.4,15.9,46.9,50.4,20.5,14.1,34.5,28.3,27.1,36.8,1.77,77.1,3,1
UNC Asheville,BSth,101.6,107.7,69.7,16.8,16.8,54.9,50.2,20.4,19.3,27.2,29.1,34.3,33.0,1.77,76.9,4,0
Illinois St.,MVC,98.4,104.5,70.8,16.1,18.2,51.7,52.7,19.3,17.3,22.7,25.8,37.9,33.3,1.06,77.2,2,1
Eastern Illinois,OVC,100.6,106.8,70.4,16.5,17.1,48.4,53.2,18.1,19.7,29.2,27.4,32.8,41.0,2.65,76.6,2,0
Bellarmine,ASun,100.3,106.6,66.8,17.7,17.9,53.1,56.8,19.0,22.5,26.1,25.8,38.4,40.5,2.0,77.0,3,1
NJIT,AE,97.2,103.4,69.7,17.4,17.6,46.0,51.4,16.8,20.4,25.8,30.0,32.8,33.9,2.2,76.1,1,0
UMass Lowell,AE,98.9,105.2,69.3,17.0,17.4,50.9,48.7,22.1,17.0,28.2,26.3,33.9,30.0,1.55,77.5,4,1
Niagara,MAAC,99.1,105.5,65.2,18.3,18.8,46.1,49.6,15.9,20.6,22.7,28.8,32.3,34.8,2.5,75.5,2,0
UC San Diego,BW,98.1,104.6,69.8,17.8,17.0,46.9,55.5,22.3,19.4,15.5,35.4,27.3,37.7,1.75,76.9,2,0
Northern Kentucky,Horz,99.0,105.5,65.2,17.8,17.8,48.7,51.5,21.7,21.3,36.8,35.4,27.5,33.6,1.23,75.7,1,0
Robert Morris,Horz,98.5,105.2,68.3,17.0,16.4,48.1,53.9,19.9,19.4,31.7,30.8,33.9,38.3,1.77,75.7,2,0
Canisius,MAAC,98.7,105.5,69.1,17.0,16.6,45.8,52.5,19.5,21.6,26.8,26.0,29.5,31.4,1.71,77.1,2,1
Norfolk St.,MEAC,98.6,105.5,67.2,17.4,17.3,50.3,46.1,17.5,18.0,26.6,32.0,40.0,30.8,2.33,76.9,4,1
Texas Southern,SWAC,99.4,106.4,69.6,16.4,16.9,46.3,52.2,22.0,17.4,30.8,28.7,28.7,34.1,2.51,77.8,1,0
Albany,AE,96.7,103.8,69.0,17.6,17.3,51.9,52.6,19.0,22.2,20.6,28.2,34.1,36.6,2.3,77.0,3,1
LIU,NEC,96.1,103.2,74.7,14.7,17.2,48.8,48.5,20.6,24.1,32.6,30.2,28.6,33.8,1.76,76.3,3,0
Central Michigan,MAC,101.0,108.1,73.2,15.5,16.5,48.2,52.4,18.3,19.0,31.3,34.0,33.0,35.1,2.11,77.3,1,0
Mount St. Mary's,NEC,95.5,102.7,63.0,20.0,16.3,49.1,47.0,22.8,16.8,27.3,22.0,32.6,30.1,1.56,76.8,3,1
Delaware,CAA,97.4,104.6,66.7,18.2,17.4,48.0,48.8,20.9,19.6,27.4,28.0,29.2,36.5,1.71,78.0,2,0
Loyola MD,Pat,100.1,107.4,68.8,19.3,16.6,52.8,58.0,20.5,18.2,38.6,27.0,33.3,44.6,1.59,77.4,0,0
Oakland,Horz,101.5,109.0,70.7,16.9,16.5,45.7,56.4,18.3,19.7,28.6,35.5,30.9,37.4,1.42,75.8,3,1
Southern Miss,CUSA,95.8,103.3,65.1,18.6,17.3,48.8,46.3,22.4,17.5,28.0,23.7,36.0,31.1,1.69,77.4,2,1
UMKC,Sum,95.9,103.4,63.6,19.1,18.2,49.8,50.7,21.4,21.2,23.6,25.1,32.9,38.7,1.89,76.5,1,0
Middle Tennessee,CUSA,90.9,98.5,72.3,17.0,15.7,43.0,48.4,24.2,22.5,24.3,23.5,28.3,25.5,1.96,76.6,1,0
American,Pat,97.7,105.5,69.6,17.3,17.3,59.0,47.9,28.4,18.7,31.7,37.2,38.8,37.1,1.53,77.9,0,0
Utah Valley,WAC,97.4,105.2,71.5,16.7,16.3,51.4,49.7,20.8,15.8,30.2,22.3,32.5,36.0,1.81,77.6,3,1
Southern,SWAC,96.0,103.9,70.3,16.3,16.4,47.7,49.8,21.9,17.2,30.5,21.3,34.6,33.6,2.13,76.0,3,1
North Alabama,ASun,94.8,103.0,72.8,15.5,17.4,43.6,48.8,19.6,25.0,21.6,25.8,27.7,34.8,1.77,76.2,4,1
Youngstown St.,Horz,104.2,112.5,66.9,17.5,18.3,47.3,55.9,16.4,17.1,36.0,34.5,28.1,37.9,1.63,76.4,2,0
Fordham,A10,90.0,98.2,64.2,19.1,18.6,40.5,52.8,21.0,19.4,22.9,29.9,25.9,34.1,1.63,75.8,1,0
North Carolina Central,MEAC,96.9,105.2,67.4,18.1,15.7,51.1,52.2,20.4,22.4,21.5,39.8,36.4,32.5,2.63,74.8,1,0
Stony Brook,AE,95.7,104.0,68.5,17.1,17.1,50.0,51.2,20.8,20.1,26.3,27.6,32.8,36.5,2.16,77.1,3,0
Long Beach St.,BW,99.5,107.9,74.1,14.8,17.2,49.4,51.7,21.1,17.6,21.8,36.5,39.0,36.8,1.51,77.0,2,0
Bucknell,Pat,95.7,104.1,72.3,15.6,17.6,49.1,47.7,18.8,16.0,19.8,29.4,31.9,32.5,1.46,77.9,2,1
Samford,SC,98.6,107.2,74.1,15.3,16.5,49.7,51.7,20.9,19.2,29.7,26.2,30.4,33.2,2.14,76.7,1,0
Longwood,BSth,97.4,106.0,64.8,18.5,17.4,51.4,52.4,20.4,19.5,25.5,26.1,33.4,30.4,1.2,75.9,3,1
St. Francis PA,NEC,97.9,106.6,69.9,16.5,16.4,46.6,50.9,20.1,19.8,26.1,32.1,31.3,27.1,1.28,76.8,1,0
New Mexico,MWC,95.7,104.5,66.3,18.2,17.1,39.5,53.2,21.5,19.2,31.1,32.4,25.1,37.2,1.46,78.0,1,0
Nebraska Omaha,Sum,96.5,105.2,71.2,16.5,16.5,44.0,54.0,19.0,16.5,24.2,26.9,28.8,38.8,1.89,76.1,0,0
Campbell,BSth,98.6,107.4,67.2,18.0,17.3,55.6,52.4,19.5,22.7,14.6,34.1,35.3,31.1,1.78,75.4,2,0
Georgia Southern,SB,96.6,105.4,67.4,18.1,17.5,48.5,55.3,22.5,24.0,32.9,31.2,28.0,40.7,1.82,76.2,3,1
Dartmouth,Ivy,95.4,104.3,67.4,0.0,0.0,0.0,100.0,100.0,0.0,0.0,100.0,0.0,100.0,0.0,0.0,0,0
Marist,MAAC,94.0,103.0,65.9,18.2,17.5,50.6,47.4,21.7,19.7,23.9,26.4,31.4,32.6,1.43,75.9,1,0
Central Arkansas,Slnd,99.6,108.6,73.3,15.5,16.0,49.2,52.1,24.8,15.0,28.1,28.8,35.6,36.0,2.14,78.0,2,0
Evansville,MVC,98.5,107.7,61.5,21.1,16.3,50.9,54.7,17.0,18.6,18.9,25.5,37.6,40.6,2.2,76.5,2,0
Western Michigan,MAC,95.5,104.8,65.3,18.4,16.5,48.6,50.0,21.1,14.9,25.2,29.9,32.4,31.9,1.74,76.3,1,0
Idaho St.,BSky,98.1,107.5,65.0,19.9,17.0,49.8,50.4,25.3,16.7,30.5,25.6,29.9,40.3,1.84,76.7,4,0
Columbia,Ivy,95.2,104.6,69.7,0.0,0.0,0.0,100.0,100.0,0.0,0.0,100.0,0.0,100.0,0.0,0.0,0,0
Wagner,NEC,97.2,106.7,64.3,19.2,16.1,46.8,53.1,18.6,20.6,32.7,25.6,30.2,35.4,1.85,76.6,2,1
IUPUI,Horz,96.8,106.3,72.1,16.7,16.6,47.4,52.6,21.5,23.7,24.3,28.7,32.7,31.5,2.16,75.3,2,1
Morgan St.,MEAC,97.1,106.7,72.4,16.0,16.5,50.0,48.2,20.4,21.3,33.1,31.6,35.9,31.1,2.16,77.0,3,0
Seattle,WAC,96.1,105.7,68.3,17.3,16.6,46.1,51.7,15.5,20.8,24.9,23.7,30.5,35.6,1.55,76.3,3,0
Boston University,Pat,98.5,108.2,67.8,17.3,16.9,46.1,57.0,21.2,14.4,33.6,26.7,26.5,37.6,1.96,77.6,0,0
Florida Gulf Coast,ASun,95.2,104.8,69.0,17.0,17.1,48.8,50.5,24.3,21.3,29.4,33.6,30.6,30.1,1.58,76.7,2,0
Quinnipiac,MAAC,92.3,102.0,70.1,16.3,16.9,45.3,40.5,23.0,16.1,20.8,29.1,29.4,29.0,1.18,77.5,2,0
Cal St. Northridge,BW,100.4,110.1,71.6,15.8,17.2,48.1,53.4,17.0,19.6,23.1,26.2,32.5,36.4,1.27,76.9,2,0
St. Francis NY,NEC,96.5,106.5,73.0,15.8,16.3,47.4,50.8,17.0,21.1,29.2,27.1,31.8,39.4,2.24,74.8,3,1
William & Mary,CAA,97.9,107.9,68.2,18.2,17.0,46.1,51.2,20.8,17.0,29.4,30.8,30.3,28.9,1.22,77.3,2,1
Green Bay,Horz,100.8,110.9,67.6,18.5,16.2,48.4,54.9,16.1,17.3,24.2,30.2,35.1,35.8,1.28,76.3,3,0
Arkansas St.,SB,98.4,108.8,70.4,17.3,16.1,46.4,49.1,22.3,17.4,31.1,25.6,34.9,34.1,1.47,76.2,3,1
Florida A&M,MEAC,94.4,104.7,68.9,16.4,16.7,50.2,52.9,23.4,20.1,26.6,32.7,33.3,29.6,2.07,76.9,2,1
North Florida,ASun,101.6,112.1,67.7,18.0,16.3,51.3,49.1,23.7,14.8,29.2,37.7,36.2,31.2,1.24,77.4,3,1
Air Force,MWC,97.4,107.8,62.0,19.6,17.6,52.7,55.4,23.5,20.0,14.6,32.9,33.2,36.1,1.97,76.8,1,0
Prairie View A&M,SWAC,92.7,103.3,69.5,17.3,17.1,47.6,49.3,23.0,23.8,30.4,36.6,29.3,31.6,2.03,76.8,2,1
New Orleans,Slnd,97.5,108.2,71.5,16.6,16.0,49.9,54.2,22.6,22.2,29.8,29.5,31.9,33.9,2.17,74.5,3,1
Fairleigh Dickinson,NEC,100.7,111.4,71.0,16.4,16.6,50.5,54.9,21.0,18.5,27.4,33.2,35.7,31.7,1.41,75.5,2,1
Portland,WCC,94.3,105.1,74.1,16.4,15.5,43.5,54.5,19.7,18.3,21.0,29.1,29.7,32.2,2.01,75.7,0,0
Cal Baptist,WAC,99.4,110.3,69.7,15.9,17.8,51.1,51.1,20.6,18.1,30.0,31.3,37.5,36.3,1.87,77.3,3,1
High Point,BSth,95.5,106.7,67.4,18.1,17.2,50.0,52.7,19.7,18.7,24.7,26.6,33.2,33.9,1.16,76.2,1,0
Troy,SB,92.6,103.9,66.2,18.1,17.2,41.9,53.1,22.4,18.9,27.8,25.5,25.4,37.8,1.4,76.8,2,0
Jacksonville,ASun,94.0,105.5,68.3,16.1,17.9,49.4,50.6,20.4,23.4,26.2,33.3,31.3,34.8,1.56,76.5,3,0
The Citadel,SC,102.0,113.5,77.1,14.5,16.6,54.3,54.6,16.9,14.5,25.2,27.9,37.4,33.1,1.86,76.5,1,0
North Dakota,Sum,93.0,104.8,67.2,18.0,17.4,46.7,52.0,20.4,18.5,23.1,29.0,29.0,35.2,1.43,77.5,2,1
Portland St.,BSky,96.0,107.8,72.6,16.2,15.7,42.4,50.3,22.6,19.0,31.8,23.3,27.8,32.5,2.18,77.6,1,0
Cal St. Fullerton,BW,93.2,105.0,71.6,16.2,16.2,50.1,52.8,20.0,20.0,25.1,23.3,36.1,37.4,1.53,77.0,2,1
Louisiana Monroe,SB,94.5,106.5,67.4,17.1,17.2,48.2,50.5,18.3,21.3,22.2,32.0,35.0,37.2,1.92,76.4,1,0
Rider,MAAC,99.0,111.1,68.0,17.7,17.9,47.6,54.1,17.9,16.2,28.4,27.7,32.7,37.0,1.73,76.3,1,0
Tennessee St.,OVC,90.7,103.0,70.4,16.6,16.6,46.8,48.4,21.4,22.3,24.1,28.1,26.8,31.2,1.68,76.3,1,0
Manhattan,MAAC,89.2,101.6,66.7,18.2,17.6,42.1,46.5,22.0,22.7,32.6,27.5,26.8,30.1,2.01,76.7,4,1
Jackson St.,SWAC,90.4,102.9,69.5,17.3,16.2,38.8,49.1,26.3,22.1,26.0,35.9,28.3,35.8,2.19,76.2,1,1
Grambling St.,SWAC,91.0,103.6,70.1,16.8,16.8,46.3,46.2,23.7,20.6,25.6,32.2,30.5,33.6,2.37,77.5,3,0
Howard,MEAC,98.8,111.8,70.2,16.1,16.5,51.1,53.5,18.5,12.6,20.4,31.2,34.6,33.9,1.33,77.6,1,1
Hampton,BSth,94.2,107.4,72.2,16.2,16.7,48.3,49.8,17.6,18.8,24.7,29.7,32.5,33.6,1.86,78.0,3,1
Sacred Heart,NEC,95.9,109.1,68.4,17.8,16.4,45.8,49.9,20.2,15.6,29.7,28.3,33.2,29.4,1.14,75.6,3,1
Lehigh,Pat,96.6,109.9,68.6,17.5,17.5,50.0,53.8,16.9,16.9,22.1,27.5,30.9,39.4,1.45,77.5,0,0
USC Upstate,BSth,96.7,109.9,68.3,17.8,16.1,47.8,55.1,20.8,18.8,25.6,28.6,35.6,35.9,1.68,76.0,3,0
North Carolina A&T,MEAC,96.2,109.5,70.8,16.0,16.3,46.1,56.0,18.0,23.4,24.5,36.9,31.0,38.8,2.14,76.2,3,1
Southeast Missouri St.,OVC,94.1,107.6,68.1,17.4,17.1,49.2,51.2,21.9,18.7,26.8,20.6,35.0,33.6,1.76,76.2,2,1
Northern Illinois,MAC,93.4,106.9,64.6,18.5,17.5,43.9,55.7,22.4,16.6,32.3,27.6,29.0,38.2,1.89,76.9,1,0
Merrimack,NEC,92.8,106.3,68.4,16.3,19.1,48.5,56.2,15.4,24.4,20.5,31.5,29.4,45.1,1.33,75.7,1,0
Northern Arizona,BSky,100.0,113.7,64.3,19.3,17.7,46.0,60.6,16.9,18.2,26.2,27.9,32.8,40.3,1.23,77.4,2,1
SIU Edwardsville,OVC,93.7,107.4,69.7,17.0,16.7,51.9,50.6,24.7,22.4,22.5,35.0,35.4,33.3,1.81,76.7,3,1
Lamar,Slnd,91.9,105.6,70.8,16.6,16.5,43.0,53.9,20.5,20.1,24.3,29.1,24.3,36.6,1.8,76.0,2,0
Northwestern St.,Slnd,96.1,110.3,71.6,16.5,15.8,45.7,54.6,19.4,16.5,25.0,32.3,31.5,34.4,2.03,75.1,1,0
Texas A&M Corpus Chris,Slnd,92.7,106.9,69.1,17.3,16.6,44.6,50.0,26.2,19.3,25.4,31.3,30.7,31.7,2.2,76.0,2,0
San Jose St.,MWC,97.0,111.2,74.2,16.1,15.9,41.1,54.8,18.2,14.6,21.1,35.7,29.9,35.1,1.61,78.2,1,0
Tennessee Tech,OVC,93.2,107.5,70.2,17.1,16.6,48.5,53.5,23.7,17.0,24.2,28.2,31.5,33.4,1.42,77.2,1,1
Dixie St.,WAC,94.0,108.7,71.9,15.2,16.4,45.7,52.5,21.7,18.7,24.5,34.0,27.3,29.5,1.81,76.2,1,0
Fairfield,MAAC,91.7,107.0,65.6,18.9,17.5,44.8,51.5,19.2,16.0,27.2,26.1,30.3,33.1,1.74,76.7,2,1
Coppin St.,MEAC,89.5,104.9,76.7,14.2,15.9,45.6,51.6,19.2,23.1,18.4,33.8,29.0,33.9,1.55,77.0,3,1
Southeastern Louisiana,Slnd,94.4,110.2,68.7,17.6,16.3,43.9,54.9,23.6,21.8,32.2,31.8,27.7,35.9,1.83,76.9,2,1
Tarleton St.,WAC,94.9,110.8,68.9,18.4,16.0,48.5,55.5,19.2,21.7,17.7,29.8,39.5,39.5,1.43,76.3,0,0
Western Illinois,Sum,94.5,110.6,71.2,16.5,16.1,44.5,54.9,16.7,16.3,26.4,27.7,29.4,38.7,2.15,76.8,0,0
Central Connecticut,NEC,93.3,109.6,71.0,15.9,16.6,49.4,54.4,19.6,19.2,20.7,31.7,33.3,36.6,1.65,75.6,1,0
Denver,Sum,94.4,110.9,71.5,16.6,17.0,48.3,57.1,22.4,17.2,22.8,25.7,32.4,42.5,1.36,76.8,0,0
Alabama A&M,SWAC,90.1,106.8,70.9,17.7,14.3,51.4,41.4,21.7,17.2,25.7,29.8,24.7,16.9,0.84,76.3,3,1
Holy Cross,Pat,93.9,110.9,71.3,17.0,16.1,51.6,53.2,20.5,16.8,26.7,33.8,35.3,37.4,1.36,76.8,2,0
Alcorn St.,SWAC,93.8,111.1,69.5,17.7,16.6,45.8,59.3,20.4,18.7,29.4,35.4,29.8,40.5,2.08,75.1,2,1
Incarnate Word,Slnd,94.2,111.6,67.2,17.7,16.7,52.9,53.1,22.4,18.8,22.7,35.1,41.7,28.8,1.2,76.0,3,0
Maine,AE,86.7,104.3,65.1,19.2,17.4,45.1,48.7,25.0,20.8,23.8,30.5,31.5,30.9,0.99,76.2,1,0
Charleston Southern,BSth,90.2,107.8,69.3,16.8,16.4,45.1,52.6,25.7,18.8,26.9,30.4,31.3,34.6,1.12,76.5,0,0
Cal Poly,BW,91.3,109.0,68.3,17.7,17.1,41.1,52.9,19.5,17.9,23.4,30.9,27.3,36.5,1.41,76.9,0,0
Houston Baptist,Slnd,96.0,113.7,72.5,16.3,15.6,50.5,55.0,24.1,17.2,23.3,32.9,36.9,32.8,1.39,76.7,1,0
Presbyterian,BSth,91.3,110.1,65.1,19.2,16.4,45.3,56.8,22.9,22.3,30.5,26.6,31.3,41.7,0.86,77.2,1,0
McNeese St.,Slnd,97.9,116.9,70.5,16.6,15.8,52.8,59.2,22.6,16.8,22.6,30.7,36.2,42.6,2.39,76.1,0,0
Tennessee Martin,OVC,95.6,114.8,69.4,17.7,16.5,44.4,60.6,20.7,20.4,27.5,28.2,34.1,40.2,1.61,76.7,0,0
Binghamton,AE,95.5,115.7,66.3,18.5,17.5,48.3,55.6,20.5,16.2,28.7,27.0,34.2,42.2,1.2,76.7,0,0
Idaho,BSky,91.9,112.5,68.5,17.1,18.1,49.2,52.9,23.4,17.1,21.5,31.0,33.3,38.2,1.94,76.2,0,0
Bethune Cookman,MEAC,90.7,111.4,73.1,0.0,0.0,0.0,100.0,100.0,0.0,0.0,100.0,0.0,100.0,0.0,0.0,0,0
Kennesaw St.,ASun,85.8,106.6,67.4,18.7,16.2,42.1,49.9,22.4,15.6,24.1,26.7,26.8,32.0,0.89,76.4,0,0
Delaware St.,MEAC,90.8,113.5,74.6,15.3,15.8,45.2,54.2,21.6,18.1,25.0,33.0,32.9,35.2,1.63,75.6,0,0
Arkansas Pine Bluff,SWAC,89.4,113.5,69.8,18.4,15.0,41.9,57.9,22.6,16.1,25.8,31.0,31.4,44.8,2.26,75.8,2,0
Alabama St.,SWAC,85.3,109.6,67.9,16.3,18.1,42.1,48.5,23.1,20.2,31.8,25.0,29.9,32.1,1.85,75.0,1,0
Maryland Eastern Shore,MEAC,84.4,110.2,68.6,0.0,0.0,0.0,100.0,100.0,0.0,0.0,100.0,0.0,100.0,0.0,0.0,0,0
South Carolina St.,MEAC,85.6,112.7,72.9,16.4,16.3,43.7,56.6,24.4,21.9,25.3,34.6,32.6,34.3,1.09,76.5,0,0
Chicago St.,WAC,88.1,116.9,68.4,17.8,16.0,41.3,60.1,21.7,16.2,16.6,37.9,25.1,39.5,1.88,75.6,0,0
Mississippi Valley St.,SWAC,82.5,120.7,71.1,16.8,15.7,41.8,60.3,22.1,15.7,16.8,39.7,31.4,38.2,1.3,76.1,0,0
